Product ID,Product Name,Category,Product Image Link,Product Tags
2,butterfly print1,wallpaper,https://encrypted-tbn0.gstatic.com/images?q=tbn:ANd9GcT1SLlDwtsP2Mtt6a_CTC43b0zLun3sqIY_I1cTAMVXqcjUlIfuIa1FbKVblPU&s,"butterfly, interior design, beautiful, bright color, wall paper"
3,butterfly print2,wallpaper,https://encrypted-tbn0.gstatic.com/images?q=tbn:ANd9GcQucg9QVdVYEor8MbWB_9v1tshNlUhE7NH8LLuf1qEJgC6dBR6ta5vmfE6TwI8&s,"butterfly, interior design, beautiful, bright color, wall paper"
4,butterfly print3,wallpaper,https://encrypted-tbn0.gstatic.com/images?q=tbn:ANd9GcRSRfMhkJHMPLhumSjlddFHe6b8z6tNYczkxFcsZhF-O-A2mWCIdUp4HsvhTQ&s,"butterfly, interior design, beautiful, bright color, wall paper"
5,butterfly print4,wallpaper,https://encrypted-tbn0.gstatic.com/images?q=tbn:ANd9GcTizUTUSAru_bwPDqfK626xCqBUIWtNdZ-wBLM8b27oR8yxu-QnS53SY9hXRDQ&s,"butterfly, interior design, beautiful, bright color, wall paper"
6,butterfly print5,wallpaper,https://encrypted-tbn0.gstatic.com/images?q=tbn:ANd9GcTHGDEqMGCtLR0gqiddiTragi6SCIuGJvuEA2MTHRUqW_VM1dmPnUdMwgOn0Q&s,"butterfly, interior design, beautiful, bright color, wall paper"
7,butterfly print6,wallpaper,https://encrypted-tbn0.gstatic.com/images?q=tbn:ANd9GcR7gNq6kUlWLBiOW5TopqiyyqQ6kcjVCQ7pDgQtEbUQ07D9ZuaBbepkgy3f20U&s,"butterfly, interior design, beautiful, bright color, wall paper"
8,butterfly print7,wallpaper,https://encrypted-tbn0.gstatic.com/images?q=tbn:ANd9GcTnGk3efVhDgIrh6u-RuAlkbAnFKRcLSse6Yri1_qyvi9WIf9urdAybAdC2gQ&s,"butterfly, interior design, beautiful, bright color, wall paper"
9,butterfly print8,wallpaper,https://encrypted-tbn0.gstatic.com/images?q=tbn:ANd9GcQWusFHVgPckuV3_acokh5LPmgZ4d3fEy8rgb5px7nXNoRGXB2AwdMKpSDOyMw&s,"butterfly, interior design, beautiful, bright color, wall paper"
10,butterfly print9,wallpaper,https://encrypted-tbn0.gstatic.com/images?q=tbn:ANd9GcRU5Lf_2nzn4bf1FCDgCOZxKTCQGYFmebwjS-ZjaVNLNGn940Xra-LPMPMFcg&s,"butterfly, interior design, beautiful, bright color, wall paper"
11,butterfly print10,wallpaper,https://encrypted-tbn0.gstatic.com/images?q=tbn:ANd9GcQG_3ONZ_UXBc4x2yH2foPhXqbmHEPsUOT3hJW_OHNcazeR4jZawzSy2s6ennU&s,"butterfly, interior design, beautiful, bright color, wall paper"
12,butterfly print11,wallpaper,https://encrypted-tbn0.gstatic.com/images?q=tbn:ANd9GcT6iS3l3Loe4mxJRTsAv7xujU3gyvAvAAH024frfjHTrZZnhYjPi3zMRhi7Fw&s,"butterfly, interior design, beautiful, bright color, wall paper"
13,butterfly print12,wallpaper,https://encrypted-tbn0.gstatic.com/images?q=tbn:ANd9GcTEQceOQKpUVG-LjkxwIb5yAyF0p-JtrwHYL_LNqJ1gQKSxw9hpPk1i4vxbsQ&s,"butterfly, interior design, beautiful, bright color, wall paper"
14,butterfly print13,wallpaper,https://encrypted-tbn0.gstatic.com/images?q=tbn:ANd9GcTSKjRlzzJiuEuG8192YN5vVFZa0D9kxHhsBGgCOEWIxVXJ2dbw0jYbeWPWt1I&s,"butterfly, interior design, beautiful, bright color, wall paper"
15,butterfly print14,wallpaper,https://encrypted-tbn0.gstatic.com/images?q=tbn:ANd9GcQXbiHiJw3NvZsCphA39rOuh52c9i56R5VwGeEJ-uJCUq3-zhz-pS_o7OWBPbc&s,"butterfly, interior design, beautiful, bright color, wall paper"
16,butterfly print15,wallpaper,https://encrypted-tbn0.gstatic.com/images?q=tbn:ANd9GcS7siBU1DGqPtPTpgeZDEVkHCxUzn4DXtHAyC0aHIGmV9M-15YTu7_eMXYe9g&s,"butterfly, interior design, beautiful, bright color, wall paper"
17,butterfly print16,wallpaper,https://encrypted-tbn0.gstatic.com/images?q=tbn:ANd9GcSogpnSRAdiCihRsUoUrSJi25A2DiOGOpr-uf4OqMYvJ1T5f_Mz-E8vIN5vnw&s,"butterfly, interior design, beautiful, bright color, wall paper"
18,butterfly print17,wallpaper,https://encrypted-tbn0.gstatic.com/images?q=tbn:ANd9GcQqMYmmy9Gk3ZBmvjAcYrTTxDB3pMg6OJhGDgP9vXRssKUJLYB-AtpQ9_wdZ50&s,"butterfly, interior design, beautiful, bright color, wall paper"
19,butterfly print18,wallpaper,https://encrypted-tbn0.gstatic.com/images?q=tbn:ANd9GcSDCqB_YRwsaisoSMEV7T31ARTWzBt1OP_UDZT5ccHdcF5eZeBhf1ktGdLVDw&s,"butterfly, interior design, beautiful, bright color, wall paper"
20,butterfly print19,wallpaper,https://encrypted-tbn0.gstatic.com/images?q=tbn:ANd9GcRtpnJTmprsfuHykO4sO29DrvBHeWgP6cSDdSaRw8Wll2wL4oLoJ0kGUPWoKg&s,"butterfly, interior design, beautiful, bright color, wall paper"
Product ID,Product Name,Category,Product Image Link,Product Tags
2,Aesthetic print1,wallpaper,https://encrypted-tbn0.gstatic.com/images?q=tbn:ANd9GcRVSMPq5wPgnSqqTuzfzq3N8zQ8JspHQf_MNnu0ZJNCrfM1PgW9f9RMfWR6nw&s,"aesthetic, interior design, beautiful, bright color, wall paper"
3,Aesthetic print2,wallpaper,https://encrypted-tbn0.gstatic.com/images?q=tbn:ANd9GcTqlKu00TB42ibBpQWADs_5MsYsECGG3G459IkMKjGmXtDsi-UNuA6hfR9tVWE&s,"aesthetic, interior design, beautiful, bright color, wall paper"
4,Aesthetic print3,wallpaper,https://encrypted-tbn0.gstatic.com/images?q=tbn:ANd9GcQB9xu1NNjjiMvNwhn4Dnjp4wE0Vrz_VbjUK_u6IrTYmn_3wu9AwkgNRCkQmQ&s,"aesthetic, interior design, beautiful, bright color, wall paper"
5,Aesthetic print4,wallpaper,https://encrypted-tbn0.gstatic.com/images?q=tbn:ANd9GcQ8QfU-t-m7kgI60kzEIwlGELOOmIh7EDrzdiFUlS_f2uEowaiSHzIjIDdbrA&s,"aesthetic, interior design, beautiful, bright color, wall paper"
6,Aesthetic print5,wallpaper,https://encrypted-tbn0.gstatic.com/images?q=tbn:ANd9GcQniBbpySUns_IgOeiVu-mNbYJp1MqW85hHzNr31Dbic3Hg2fJ9Xzy-EJOQWqQ&s,"aesthetic, interior design, beautiful, bright color, wall paper"
7,Aesthetic print6,wallpaper,https://encrypted-tbn0.gstatic.com/images?q=tbn:ANd9GcTPFbbCmNbXpEi_YqR4cGOg_bqLeg0-Hq7tKkUolWR3aWEMejAyEV_hrSVRO88&s,"aesthetic, interior design, beautiful, bright color, wall paper"
8,Aesthetic print7,wallpaper,https://encrypted-tbn0.gstatic.com/images?q=tbn:ANd9GcTa2vygIZAX_V83DkLzFADu7K_cOANhoVAlkJo_twGKmRj6M1nOzG_0hR6-YLY&s,"aesthetic, interior design, beautiful, bright color, wall paper"
9,Aesthetic print8,wallpaper,https://encrypted-tbn0.gstatic.com/images?q=tbn:ANd9GcSc3KyL93gDup-cQag6ElH2thHl-Fm3iKgBt_oe4el96pCOL3nioCy_tYXp_g&s,"aesthetic, interior design, beautiful, bright color, wall paper"
10,Aesthetic print9,wallpaper,https://encrypted-tbn0.gstatic.com/images?q=tbn:ANd9GcTna5HUSBl0_UUVMbtHZfijy6IWsisYAWFkyCzBEVun3SzUEHnAR3KcvNM1LA&s,"aesthetic, interior design, beautiful, bright color, wall paper"
11,Aesthetic print10,wallpaper,https://encrypted-tbn0.gstatic.com/images?q=tbn:ANd9GcQvjKQwJpWxKGRayf7G6wCfQer_LR4bsx-l7fOkysYvDtYGOAtTtHqw6UCX8Fg&s,"aesthetic, interior design, beautiful, bright color, wall paper"
12,Aesthetic print11,wallpaper,https://encrypted-tbn0.gstatic.com/images?q=tbn:ANd9GcTmRPvUPdn3QViYQW-yksiHtk364DQsF6d72W83PM14gDljy8GamSY4mzEw8w&s,"aesthetic, interior design, beautiful, bright color, wall paper"
13,Aesthetic print12,wallpaper,https://encrypted-tbn0.gstatic.com/images?q=tbn:ANd9GcQmVd96P3cnuswaVWN1bPmWgfRRc5MDOqfKjk83q3CRO5n7k-hTQFN66-hj-A&s,"aesthetic, interior design, beautiful, bright color, wall paper"
14,Aesthetic print13,wallpaper,https://encrypted-tbn0.gstatic.com/images?q=tbn:ANd9GcQV1EgJwcv-1OHNQd6kOje6zWJ_a3zfrqzAYvi_eCZLfLpyd3wmiXoNQLQW6bg&s,"aesthetic, interior design, beautiful, bright color, wall paper"
15,Aesthetic print14,wallpaper,https://encrypted-tbn0.gstatic.com/images?q=tbn:ANd9GcQfFKH6BZ2mxudVH2zfssvQBYDHiBDRXRHWeEaIve-hF6bep9GEpOaAH4jLYg&s,"aesthetic, interior design, beautiful, bright color, wall paper"
16,Aesthetic print15,wallpaper,https://encrypted-tbn0.gstatic.com/images?q=tbn:ANd9GcQCLEs0Ts9XkGuRG2ytM4kLkxD9FEg_8cxOT2zjMJL5L-OEqxqzN0kOG0Yh5Q&s,"aesthetic, interior design, beautiful, bright color, wall paper"
17,Aesthetic print16,wallpaper,https://encrypted-tbn0.gstatic.com/images?q=tbn:ANd9GcRHrnMuWuJUJry4nr2KstYX0bbU9q1KwJhTbT159RftHBYZDZwVlox0ua7RZA&s,"aesthetic, interior design, beautiful, bright color, wall paper"
18,Aesthetic print17,wallpaper,https://encrypted-tbn0.gstatic.com/images?q=tbn:ANd9GcQemWdhVf2m5JwbNwW3maPcfIoYpvN6Ei3FKPhY-61XjJqr_ru9vkAyqZicjyo&s,"aesthetic, interior design, beautiful, bright color, wall paper"
19,Aesthetic print18,wallpaper,https://encrypted-tbn0.gstatic.com/images?q=tbn:ANd9GcQgo9r-Kme24b51wH14l9xA5HvaGvhN2cIDG-Rua-zrn61b-QZwnjEAzd1_XQ&s,"aesthetic, interior design, beautiful, bright color, wall paper"
20,Aesthetic print19,wallpaper,https://encrypted-tbn0.gstatic.com/images?q=tbn:ANd9GcQ5Abj3pJvhfk__9CTkabgJc342XECKejF6UCcR3t1XNj8cC_-yVmuwWQhgvg&s,"aesthetic, interior design, beautiful, bright color, wall paper"
Product ID,Product Name,Category,Product Image Link,Product Tags
2,Aesthetic print1,wallpaper,https://encrypted-tbn0.gstatic.com/images?q=tbn:ANd9GcTGCIvYU4r1cnEfgRS5j0ODolqyjHSi25NYIVdQKMJNDWBNtD4auUcbB_0t_w&s,"aesthetic, interior design, beautiful, dark color, wall paper"
3,Aesthetic print2,wallpaper,https://encrypted-tbn0.gstatic.com/images?q=tbn:ANd9GcR8ypQmtZH7UDZCOgJyXpX98nAVzB5TVZ0RrfY6EuFUaSn7J_r1ADHICmaK1-w&s,"aesthetic, interior design, beautiful, dark color, wall paper"
4,Aesthetic print3,wallpaper,https://encrypted-tbn0.gstatic.com/images?q=tbn:ANd9GcTfhawJTngzm3u1mCHRvmKcuOs40OA2z2e_N2EHl49RDwfNGI7pY6rg-6xwCQ&s,"aesthetic, interior design, beautiful, dark color, wall paper"
5,Aesthetic print4,wallpaper,https://encrypted-tbn0.gstatic.com/images?q=tbn:ANd9GcRJnJbQPBER3BbtaeSVhA2iMDrG9uibuHgeNEio5sMf4qduttmGb-6XKsS40Dk&s,"aesthetic, interior design, beautiful, dark color, wall paper"
6,Aesthetic print5,wallpaper,https://encrypted-tbn0.gstatic.com/images?q=tbn:ANd9GcTPAV1KbeXRXNpMwN9qJF09_8wBMoQKiOR3BtkjNNA808VzCJ97rq42lwljfA&s,"aesthetic, interior design, beautiful, dark color, wall paper"
7,Aesthetic print6,wallpaper,https://encrypted-tbn0.gstatic.com/images?q=tbn:ANd9GcR5ngjDxcgQW8EBn4VixfChjeg140XneyvykHNMy0dtZ_w3ONY6fX-TKeG_JKw&s,"aesthetic, interior design, beautiful, dark color, wall paper"
8,Aesthetic print7,wallpaper,https://encrypted-tbn0.gstatic.com/images?q=tbn:ANd9GcTjQz1_KY5urlzJe_9Pkve82HCj4i3b7SBgQeNM4ZeHK0xz4YegIkVwRLeStmk&s,"aesthetic, interior design, beautiful, dark color, wall paper"
9,Aesthetic print8,wallpaper,https://encrypted-tbn0.gstatic.com/images?q=tbn:ANd9GcQnCmX1atciUP1OhsxK2mG6TjaSdn2IvWAlUADrwPdQaFr8rYWSNXE_RRCun34&s,"aesthetic, interior design, beautiful, dark color, wall paper"
10,Aesthetic print9,wallpaper,https://encrypted-tbn0.gstatic.com/images?q=tbn:ANd9GcTPN3ofkZIgrw8HRmtxNhJlsO0NLbkM69RQkLN_O5xUOPKNC5Pzh5LFF--n1Q&s,"aesthetic, interior design, beautiful, dark color, wall paper"
11,Aesthetic print10,wallpaper,https://encrypted-tbn0.gstatic.com/images?q=tbn:ANd9GcTPDnVO1R3vDrK-fB6dC2-Gn0EmeBCsaQSGBoeAR-EGhj1c6ZqPTa9ieZ8V3A&s,"aesthetic, interior design, beautiful, dark color, wall paper"
12,Aesthetic print11,wallpaper,https://encrypted-tbn0.gstatic.com/images?q=tbn:ANd9GcSWsYyYCBroif8u_aVxDer6YsEJ0nSWo2GeJ5tBwPluPjVCVxHq4CtChqRvzA&s,"aesthetic, interior design, beautiful, dark color, wall paper"
13,Aesthetic print12,wallpaper,https://encrypted-tbn0.gstatic.com/images?q=tbn:ANd9GcSfNXt2HfM2TQ7IVL7u56K0LkTsL_7e5oMLCMbc8KQ789O0fexkm4Gu4aJ19rw&s,"aesthetic, interior design, beautiful, dark color, wall paper"
14,Aesthetic print13,wallpaper,https://encrypted-tbn0.gstatic.com/images?q=tbn:ANd9GcTX_Ww8ZKux3Yrxb4vLziPXld0tyuoVJoDXBRlCV-r5OVWMLJtEqSDm8P17ZA&s,"aesthetic, interior design, beautiful, dark color, wall paper"
15,Aesthetic print14,wallpaper,https://encrypted-tbn0.gstatic.com/images?q=tbn:ANd9GcRaC4x2sFq9zYR-Nfr9LgiVhciq32QUVyS3MRmJKr_bieeOzi3hUUpq0q-PDPo&s,"aesthetic, interior design, beautiful, dark color, wall paper"
16,Aesthetic print15,wallpaper,https://encrypted-tbn0.gstatic.com/images?q=tbn:ANd9GcScmdLm9dLjXRdQztTt60BTgia9RRSkyvdgVbPHtCcR0gtoCloIxmcCRnRWBA&s,"aesthetic, interior design, beautiful, dark color, wall paper"
17,Aesthetic print16,wallpaper,https://encrypted-tbn0.gstatic.com/images?q=tbn:ANd9GcTna5HUSBl0_UUVMbtHZfijy6IWsisYAWFkyCzBEVun3SzUEHnAR3KcvNM1LA&s,"aesthetic, interior design, beautiful, dark color, wall paper"
18,Aesthetic print17,wallpaper,https://encrypted-tbn0.gstatic.com/images?q=tbn:ANd9GcSAtzaGMkX0_UjHslbehrSPpCxqEefAorljc6GGyPfhQfbjqQNhLxyrIIZ_RUA&s,"aesthetic, interior design, beautiful, dark color, wall paper"
19,Aesthetic print18,wallpaper,https://encrypted-tbn0.gstatic.com/images?q=tbn:ANd9GcS2Q20iST9N_gPJ68Oweb9IexfJ3M7LFdwZD0-pr7keGV86X9__axWybuD2HYo&s,"aesthetic, interior design, beautiful, dark color, wall paper"
20,Aesthetic print19,wallpaper,https://encrypted-tbn0.gstatic.com/images?q=tbn:ANd9GcQez3WmVM8oJ-12hjArWDcHJ8adJlYo6KrD1mKl2Fzg5kaqkdj6LJLrGJgldA&s,"aesthetic, interior design, beautiful, dark color, wall paper"
Product ID,Product Name,Category,Product Image Link,Product Tags
2,Green print1,wallpaper,https://encrypted-tbn0.gstatic.com/images?q=tbn:ANd9GcT08U-0JMQJX7AfdPfr_IzgD1qSgT7146G2ALTyDIXU9zu7KCR3_XCXb_1p7V8&s,"greenery, interior design, beautiful, green color, wall paper"
3,Green print2,wallpaper,https://encrypted-tbn0.gstatic.com/images?q=tbn:ANd9GcSa-1H1V9W_L8lCKOmJ5jHfnZkCvA-V2wL2HNiwbIgRQFis8Axypf15sjdeAQ&s,"greenery, interior design, beautiful, green color, wall paper"
4,Green print3,wallpaper,https://encrypted-tbn0.gstatic.com/images?q=tbn:ANd9GcSusdGtPIsBEgMf6b-cZNf9uGbhzipyC-gosDWd7FqQxOm6g7WQLIlFyteITw&s,"greenery, interior design, beautiful, green color, wall paper"
5,Green print4,wallpaper,https://encrypted-tbn0.gstatic.com/images?q=tbn:ANd9GcQDRo67WpaXSNQmPaDxJwGgvWng2yOSupYd8OJq_GDH4RpcMH72JDr4JrDn2A&s,"greenery, interior design, beautiful, green color, wall paper"
6,Green print5,wallpaper,https://encrypted-tbn0.gstatic.com/images?q=tbn:ANd9GcR3Q1Ih4LTofTxAUGOrTxKS5FZbt6KQonyfkeUbq0xlJ1P_QqFfCltIUJxgHQ&s,"greenery, interior design, beautiful, green color, wall paper"
7,Green print6,wallpaper,https://encrypted-tbn0.gstatic.com/images?q=tbn:ANd9GcQrifwRLeSprxWkDe8g0K5J4XHBgaxipvb7Fe6IfJZS6MbVw_pDKIuCG0v5BVA&s,"greenery, interior design, beautiful, green color, wall paper"
8,Green print7,wallpaper,https://encrypted-tbn0.gstatic.com/images?q=tbn:ANd9GcRhEI5fY9gtQ5ZqIdMChczMs749QS1cPb4z5mnXV2SqnV0XMQ3jq0kfkMGSyA&s,"greenery, interior design, beautiful, green color, wall paper"
9,Green print8,wallpaper,https://encrypted-tbn0.gstatic.com/images?q=tbn:ANd9GcSUqRsNwv6rqHUNKcJQu_MdvgJOrsFItcBhoNVTSIQgMWeqTa0s5nHqBRE9SQ&s,"greenery, interior design, beautiful, green color, wall paper"
10,Green print9,wallpaper,https://encrypted-tbn0.gstatic.com/images?q=tbn:ANd9GcT0ZHAErOL0bT1sDONmVP4jJogDIr6d0KiCzndb8PQboCu5pL9ySiBEYbQKjAY&s,"greenery, interior design, beautiful, green color, wall paper"
11,Green print10,wallpaper,https://encrypted-tbn0.gstatic.com/images?q=tbn:ANd9GcQmJ7Io2ZhAcl4iu9LroLq5ZIx4ADcac7-8yNHuvnwLLivJBxK6zfU3R76I0A&s,"greenery, interior design, beautiful, green color, wall paper"
12,Green print11,wallpaper,https://encrypted-tbn0.gstatic.com/images?q=tbn:ANd9GcSx7MWPclF0xUShw2aGDHwF_Bw4ZyXkNCw6cVIjyQn8-6GC79f34_6wSNWoqw&s,"greenery, interior design, beautiful, green color, wall paper"
13,Green print12,wallpaper,https://encrypted-tbn0.gstatic.com/images?q=tbn:ANd9GcQcOIrGTO859SCj6prqODLNevU3A-Dd_3YVJPwtSAWAN3Yjs8IyB4vY3sdldw&s,"greenery, interior design, beautiful, green color, wall paper"
14,Green print13,wallpaper,https://encrypted-tbn0.gstatic.com/images?q=tbn:ANd9GcSQvL8E2pWAgam0rMfwQJ82GIyMp4OxU8f29l3vEy14MDfyk5Whrly_PDng3So&s,"greenery, interior design, beautiful, green color, wall paper"
15,Green print14,wallpaper,https://encrypted-tbn0.gstatic.com/images?q=tbn:ANd9GcRlvp3wBpyg9pFqpYxsW_izEoVHOq49urUBDsm1PJeaqn3XbQqDoSFTy_ASnD4&s,"greenery, interior design, beautiful, green color, wall paper"
16,Green print15,wallpaper,https://encrypted-tbn0.gstatic.com/images?q=tbn:ANd9GcT5xccpaY6gBLDT7_Czybzkm1EpoxyfSDyAOyG94DQQ9TTtuoXvflNBMUU0eg&s,"greenery, interior design, beautiful, green color, wall paper"
17,Green print16,wallpaper,https://encrypted-tbn0.gstatic.com/images?q=tbn:ANd9GcRhrghVIOobRrQvku0onYL2J5mHB3bpjq_qOr76zAo6Jih_pFe9_orjDGQrGA&s,"greenery, interior design, beautiful, green color, wall paper"
18,Green print17,wallpaper,https://encrypted-tbn0.gstatic.com/images?q=tbn:ANd9GcRJog0CA2cWeGnzvaagP2Ee3JhZbgr3NsZ6zaODeHeET6EI_p4fuLQuyK8OPw&s,"greenery, interior design, beautiful, green color, wall paper"
19,Green print18,wallpaper,https://encrypted-tbn0.gstatic.com/images?q=tbn:ANd9GcTebVyWg94JWZW5h_OkOogLYm3S2k6GJ9au_MfzDLwDoqlSEqf8NEwRZqdeP2U&s,"greenery, interior design, beautiful, green color, wall paper"
20,Green print19,wallpaper,https://encrypted-tbn0.gstatic.com/images?q=tbn:ANd9GcTtElFmBsxzf_EGDKfQgtSWpjBB3Qz9bDJ4qwx91xECgY_LVpUBhcYvBVZMdA&s,"greenery, interior design, beautiful, green color, wall paper"
Product ID,Product Name,Category,Product Image Link,Product Tags
2,Blue print1,wallpaper,https://encrypted-tbn0.gstatic.com/images?q=tbn:ANd9GcRDvbqRGVdQh61kZ5mPHRCK2GKKO0r2IK_XpgFZoQsCq2Id5K9rO6l1FB9u8EI&s,"peace, interior design, beautiful, blue color, wall paper"
3,Blue print2,wallpaper,https://encrypted-tbn0.gstatic.com/images?q=tbn:ANd9GcTjHKHGOIg22fc4ISvZwMXD9jiVfBJi2TpRuGsxD8XU0qSP5RhTtqjtV5bThzA&s,"peace, interior design, beautiful, blue color, wall paper"
4,Blue print3,wallpaper,https://encrypted-tbn0.gstatic.com/images?q=tbn:ANd9GcRQu2SpK_lbtnjBban0lsJYA-SBDdAWHVk2UX1yMN-5-WqqM9sChMjwbCzeFQ&s,"peace, interior design, beautiful, blue color, wall paper"
5,Blue print4,wallpaper,https://encrypted-tbn0.gstatic.com/images?q=tbn:ANd9GcQtpEpmH0JW01Dka_4fcu9WDOmDYuOGg3yXnJB7DjPdQz6nkPYHMB7vuXqkbKY&s,"peace, interior design, beautiful, blue color, wall paper"
6,Blue print5,wallpaper,https://encrypted-tbn0.gstatic.com/images?q=tbn:ANd9GcSp2b3pKWZuWPfreXnAZ0a7sRer5Uapgl3IVk3S71-ENIOn3vqGKJqXMYqDDSE&s,"peace, interior design, beautiful, blue color, wall paper"
7,Blue print6,wallpaper,https://encrypted-tbn0.gstatic.com/images?q=tbn:ANd9GcTvjdZWcsUUJP_jpKL8GwTt1_uxELCqwEkNYAekEoj0yI0PYIEQJuD76TgSaA&s,"peace, interior design, beautiful, blue color, wall paper"
8,Blue print7,wallpaper,https://encrypted-tbn0.gstatic.com/images?q=tbn:ANd9GcTLxgM26RNTS0BUyhI4nkGeAfeM7Yscvxp6beRRBZRUw24PD5hHT_Qm0ewXZv8&s,"peace, interior design, beautiful, blue color, wall paper"
9,Blue print8,wallpaper,https://encrypted-tbn0.gstatic.com/images?q=tbn:ANd9GcT1PwSF-H4YGXVSneid5AH4aRBZs7LQOc58PLRe7NFwh1TGxltApx4_zms_gYE&s,"peace, interior design, beautiful, blue color, wall paper"
10,Blue print9,wallpaper,https://encrypted-tbn0.gstatic.com/images?q=tbn:ANd9GcRgXECMTlzsd6yxau7pCOGwbRO8q8VxWLbWnJS36mm2IR5udwnq3REbN4NWeKA&s,"peace, interior design, beautiful, blue color, wall paper"
11,Blue print10,wallpaper,https://encrypted-tbn0.gstatic.com/images?q=tbn:ANd9GcTEovQ-NZ0GHHT60OviJ263Vj81nh8LkicAH_FuzO4eNL_0LViQzEDt99KKUfo&s,"peace, interior design, beautiful, blue color, wall paper"
12,Blue print11,wallpaper,https://encrypted-tbn0.gstatic.com/images?q=tbn:ANd9GcSIMPn1jbytZW3IA3tUVKQMC835w-PZLZ_DYciGwARhhMUi9Y-9Ia5C0Pg9mA&s,"peace, interior design, beautiful, blue color, wall paper"
13,Blue print12,wallpaper,https://encrypted-tbn0.gstatic.com/images?q=tbn:ANd9GcR8lJckGXaGfHWuLnbr6gZlpow1-W9zEWna42lUCTj7mvAH7zsFO758tQdaJ_o&s,"peace, interior design, beautiful, blue color, wall paper"
14,Blue print13,wallpaper,https://encrypted-tbn0.gstatic.com/images?q=tbn:ANd9GcTXFwCXlgM2yvmDNPFWPb6b8B8ISslhizbGHNzsiGD--ekuLDgdSYvABZi2GjQ&s,"peace, interior design, beautiful, blue color, wall paper"
15,Blue print14,wallpaper,https://encrypted-tbn0.gstatic.com/images?q=tbn:ANd9GcSncwnEikDwzdmBEXfsJXoMMDQS-Q_FwH93S__foZuTizIQgG9a-c2Nl08kQQ&s,"peace, interior design, beautiful, blue color, wall paper"
16,Blue print15,wallpaper,https://encrypted-tbn0.gstatic.com/images?q=tbn:ANd9GcREHpH8xLUqLoYYYCHP1JgYc5Vz9DNBZc2bLYA3TM4AgLsN4TA24KEuHr_n8qo&s,"peace, interior design, beautiful, blue color, wall paper"
17,Blue print16,wallpaper,https://encrypted-tbn0.gstatic.com/images?q=tbn:ANd9GcSEtTzixvTmHqdI51wrPthf0xbbJf6D-8VAwu2rMJ41XV2EOBRHAExf6mmI6w&s,"peace, interior design, beautiful, blue color, wall paper"
18,Blue print17,wallpaper,https://encrypted-tbn0.gstatic.com/images?q=tbn:ANd9GcQDeCOc359oPZrnONsYlQ71a14HIz4iHMVvLPipqvhuEVGEFXzgqveg2SvFKTo&s,"peace, interior design, beautiful, blue color, wall paper"
19,Blue print18,wallpaper,https://encrypted-tbn0.gstatic.com/images?q=tbn:ANd9GcRNlkwmEgRl-4Zqt0-1IBzCh71fFCQwx8C6qKXarFRv2zsJOqdOWZfYv-JcGg&s,"peace, interior design, beautiful, blue color, wall paper"
20,Blue print19,wallpaper,https://encrypted-tbn0.gstatic.com/images?q=tbn:ANd9GcTv-54lPNWV2iZ-PzuwrKUt1133tKxHOHKhGDOXFSCXRBBIbWEjKK42jgrJ5A&s,"peace, interior design, beautiful, blue color, wall paper"
Product ID,Product Name,Category,Product Image Link,Product Tags
2,abstract print1,wallpaper,https://encrypted-tbn0.gstatic.com/images?q=tbn:ANd9GcSLhUHZw51n-hyqxqBqhfC30wo0KgZ69HHYsmiAa52ldqdW_Op6l5R8keIIoQ&s,"abstract, interior design, beautiful, light color, wall paper"
3,abstract print2,wallpaper,https://encrypted-tbn0.gstatic.com/images?q=tbn:ANd9GcRCpueNfaEXeN92ZcAY0rMpwpazA-MK3Z4isQC5ZjCL1pnb3iqVbXk3SxlovQ&s,"abstract, interior design, beautiful, light color, wall paper"
4,abstract print3,wallpaper,https://encrypted-tbn0.gstatic.com/images?q=tbn:ANd9GcQXfjw6ZzlZuuWjvCJnyTCJSMAhnGVQJBHvK4ey8rhAYNTG4isLREXJ8cywGg&s,"abstract, interior design, beautiful, light color, wall paper"
5,abstract print4,wallpaper,https://encrypted-tbn0.gstatic.com/images?q=tbn:ANd9GcSzdJShG6E0j9waoTWzgQofXn2KNTKQuKTc_ASlZ0gH4p1WZNuThzCrHJpO0MU&s,"abstract, interior design, beautiful, light color, wall paper"
6,abstract print5,wallpaper,https://encrypted-tbn0.gstatic.com/images?q=tbn:ANd9GcQFVD8mvot9ww5AmbexmRcdrXltA5nWMRkpJ0PU8oZjO5QaTZGRH6QgpKK12yQ&s,"abstract, interior design, beautiful, light color, wall paper"
7,abstract print6,wallpaper,https://encrypted-tbn0.gstatic.com/images?q=tbn:ANd9GcS_ECq5Dx5-tqS-84X5ADxyu5_G_Moz5apb3qwEN8lLPOs1bXfI-hXIHj1ElnM&s,"abstract, interior design, beautiful, light color, wall paper"
8,abstract print7,wallpaper,https://encrypted-tbn0.gstatic.com/images?q=tbn:ANd9GcQW1uz4QPngs_9y66K3hF20ecWWmLL9rdT5_bEC0FftqZcD8HwUaaPv2Tn2ja8&s,"abstract, interior design, beautiful, light color, wall paper"
9,abstract print8,wallpaper,https://encrypted-tbn0.gstatic.com/images?q=tbn:ANd9GcRJkg8OdkTuulZDcXCAogBZd5stkWCWub2ETwcLNhpOTgasClirXH7MXB7aMMo&s,"abstract, interior design, beautiful, light color, wall paper"
10,abstract print9,wallpaper,https://encrypted-tbn0.gstatic.com/images?q=tbn:ANd9GcRPzYrlAmKll1DErM4NdPwe7KrKWovLQVIqSQueP15IT2h1IjSLaMh4-4ZhQ7o&s,"abstract, interior design, beautiful, light color, wall paper"
11,abstract print10,wallpaper,https://encrypted-tbn0.gstatic.com/images?q=tbn:ANd9GcT8ODNArj3RYI24wY2JhiZYXPJNAJvpnbrG5VIvkFDqm4OSBabVRwlZpyU-bVw&s,"abstract, interior design, beautiful, light color, wall paper"
12,abstract print11,wallpaper,https://encrypted-tbn0.gstatic.com/images?q=tbn:ANd9GcR0O4bEiu28w2-vkKRIBbZP3FKrRO0XgdXzHEQKDexe_Hm_1oI4jntKKn6Q7N0&s,"abstract, interior design, beautiful, light color, wall paper"
13,abstract print12,wallpaper,https://encrypted-tbn0.gstatic.com/images?q=tbn:ANd9GcRE86YcqRQ7n_775AiD1NcZqQb5QCq7ot3tcfOBumofqWfOsX6XQAGR01ZEtA&s,"abstract, interior design, beautiful, light color, wall paper"
14,abstract print13,wallpaper,https://encrypted-tbn0.gstatic.com/images?q=tbn:ANd9GcS6_m6VsR3StuREhaGsHm4oXPiBfQ06WMTKnlqXCheLJdHXlobOcIjRByUQGg&s,"abstract, interior design, beautiful, light color, wall paper"
15,abstract print14,wallpaper,https://encrypted-tbn0.gstatic.com/images?q=tbn:ANd9GcSy4bP3qeL3rIOreLkB11qL8jDZ4N5d50g9TJYj6lsuWM5sLDMNUQbAJ9c2FQ&s,"abstract, interior design, beautiful, light color, wall paper"
16,abstract print15,wallpaper,https://encrypted-tbn0.gstatic.com/images?q=tbn:ANd9GcSn-Uvqy3JL46ca1gp-z_DRa9mkgFHeD_ixaeK-AV4nLjKrCoC8lt-hzzbJWsM&s,"abstract, interior design, beautiful, light color, wall paper"
17,abstract print16,wallpaper,https://encrypted-tbn0.gstatic.com/images?q=tbn:ANd9GcRz4WGjffmsK2plkZ8Lxg7-EAdqZx3e75muEbP_4Aosk9IWGrHZFuthxeM0gw&s,"abstract, interior design, beautiful, light color, wall paper"
18,abstract print17,wallpaper,https://encrypted-tbn0.gstatic.com/images?q=tbn:ANd9GcRsR3I25rFaDHqwsiIN7oyGit82cE_ApzeE9IFiNSbxHiKiDokmIurZcyzAhR8&s,"abstract, interior design, beautiful, light color, wall paper"
19,abstract print18,wallpaper,https://encrypted-tbn0.gstatic.com/images?q=tbn:ANd9GcQkS578Ld2XLZeGtYLzb-uc68_2orwdzwJLmtX5PF4_whsXr1mpBedzKiJ8q50&s,"abstract, interior design, beautiful, light color, wall paper"
20,abstract print19,wallpaper,https://encrypted-tbn0.gstatic.com/images?q=tbn:ANd9GcRD8PbG5hhj7-ckWUmWBc8QfsXODbeiol9gRSmas4K_R142qYKJwXzMSRfP9Fw&s,"abstract, interior design, beautiful, light color, wall paper"
Product ID,Product Name,Category,Product Image Link,Product Tags
2,abstract minimalsit print1,wallpaper,https://encrypted-tbn0.gstatic.com/images?q=tbn:ANd9GcT28zOkkeG36m-ye0KEcFyKDKoV6nS3RUtvFjq0E7k14am86xJnJjdx0Ja3mw&s,"abstract, minimalsit, interior design, beautiful, light color, wall paper"
3,abstract minimalsit print2,wallpaper,https://encrypted-tbn0.gstatic.com/images?q=tbn:ANd9GcTg7VEqxhYgs6l-o7I_eod3ykP8qdJvlS22cXlOrSray1_icOMm2Zbo4CqkmQ&s,"abstract, minimalsit, interior design, beautiful, light color, wall paper"
4,abstract minimalsit print3,wallpaper,https://encrypted-tbn0.gstatic.com/images?q=tbn:ANd9GcSmNkKGpz0z5fZWcmyBae63lfyrqiYq-UzftJ7kx0A3A13a5xY9UQZN_hGVv_4&s,"abstract, minimalsit, interior design, beautiful, light color, wall paper"
5,abstract minimalsit print4,wallpaper,https://encrypted-tbn0.gstatic.com/images?q=tbn:ANd9GcQSR_bS7iWcc1qv1W5CYHTRdZE_ihiO1V-FqnOfC9d1tP067a29w4sBfRCas1A&s,"abstract, minimalsit, interior design, beautiful, light color, wall paper"
6,abstract minimalsit print5,wallpaper,https://encrypted-tbn0.gstatic.com/images?q=tbn:ANd9GcTrXdbv0AzmgdXu1yW1mtrh_pNIa4FNdSPrLIaOEmiwVRZPvYeR0_JpqWvcf9w&s,"abstract, minimalsit, interior design, beautiful, light color, wall paper"
7,abstract minimalsit print6,wallpaper,https://encrypted-tbn0.gstatic.com/images?q=tbn:ANd9GcTBBUY7cxZCZu29O1Q4NlG1Q5PXqxvd-YILtkmr-LjIPBfSRCfmRKHTZtS_4g&s,"abstract, minimalsit, interior design, beautiful, light color, wall paper"
8,abstract minimalsit print7,wallpaper,https://encrypted-tbn0.gstatic.com/images?q=tbn:ANd9GcRYtJqWQW-gQxnVe2dgEW58HuAlEvyDI0-EdHd4W39FMj3yMURcdnKVC8vniCY&s,"abstract, minimalsit, interior design, beautiful, light color, wall paper"
9,abstract minimalsit print8,wallpaper,https://encrypted-tbn0.gstatic.com/images?q=tbn:ANd9GcToyE6OTGSHTSDHEFFIWMSgqzvfCVKe2wLv-z6iVVQUxlaqE-O9KVkbHn6qVw&s,"abstract, minimalsit, interior design, beautiful, light color, wall paper"
10,abstract minimalsit print9,wallpaper,https://encrypted-tbn0.gstatic.com/images?q=tbn:ANd9GcT-33FhFJte95q9ElfNBz2j-b3R7UjhU60BMMdRhdjU8c2KX_CzEO48DqsNjyQ&s,"abstract, minimalsit, interior design, beautiful, light color, wall paper"
11,abstract minimalsit print10,wallpaper,https://encrypted-tbn0.gstatic.com/images?q=tbn:ANd9GcR8tQEwVuzlxr0MISKTmuN4waTsTijYfbSZLvxC9aeN2K2NIj6nPwUxSG7CbA&s,"abstract, minimalsit, interior design, beautiful, light color, wall paper"
12,abstract minimalsit print11,wallpaper,https://encrypted-tbn0.gstatic.com/images?q=tbn:ANd9GcSKOOEKZwL976LGoITk_6hF8oleAj7u4559_d4LApx3bEyKcKSFJSTz5LrVo_w&s,"abstract, minimalsit, interior design, beautiful, light color, wall paper"
13,abstract minimalsit print12,wallpaper,https://encrypted-tbn0.gstatic.com/images?q=tbn:ANd9GcTpwqLsLJ__U0RhwLLtZln-lcHy2gREtgwSPmy-zgQQxw_3QUDCbfPGSg4YIw&s,"abstract, minimalsit, interior design, beautiful, light color, wall paper"
14,abstract minimalsit print13,wallpaper,https://encrypted-tbn0.gstatic.com/images?q=tbn:ANd9GcQbJxVWbRAs_BJjqjsBlzfd-isFi1-AsX7tOLu-n3cRYiFyC7duaquPJmIc6A&s,"abstract, minimalsit, interior design, beautiful, light color, wall paper"
15,abstract minimalsit print14,wallpaper,https://encrypted-tbn0.gstatic.com/images?q=tbn:ANd9GcTjDySM9ayMKSLuoEB3TkC8GsCjrvh-W-x6bHKatxGIaGx8ELZIJT16iYu6JfI&s,"abstract, minimalsit, interior design, beautiful, light color, wall paper"
16,abstract minimalsit print15,wallpaper,https://encrypted-tbn0.gstatic.com/images?q=tbn:ANd9GcSsbvv-axgCfZtKtdVmBCd2GKK9zc71UmDHrRbDfrAxFUZ9Jbk1P5fUT2qUcRA&s,"abstract, minimalsit, interior design, beautiful, light color, wall paper"
17,abstract minimalsit print16,wallpaper,https://encrypted-tbn0.gstatic.com/images?q=tbn:ANd9GcSWurEFsGiYr8MWGLMlUrXzvhqj-MSU5KnXCGTs3q9JvbtkoAEPcUNfKIvcXgk&s,"abstract, minimalsit, interior design, beautiful, light color, wall paper"
18,abstract minimalsit print17,wallpaper,https://encrypted-tbn0.gstatic.com/images?q=tbn:ANd9GcQYNWODKsKs9hY4Dw5QeF6VcA_XJrvjki7aEc9pm8pPvTJZafk9-hHqIW6V3w&s,"abstract, minimalsit, interior design, beautiful, light color, wall paper"
19,abstract minimalsit print18,wallpaper,https://encrypted-tbn0.gstatic.com/images?q=tbn:ANd9GcQbf1Ai2Eg2yqc7U0yMyzv9gl7KvWI5-4bK_2QdyA0R-xJ98XFg1aqLkbrjjQ&s,"abstract, minimalsit, interior design, beautiful, light color, wall paper"
20,abstract minimalsit print19,wallpaper,https://encrypted-tbn0.gstatic.com/images?q=tbn:ANd9GcRK0Nv8RsHfNmm1RR2bnpdzqJtzakIu4dWMPeAvplM13L_hdN2A8P2apGB3Cw&s,"abstract, minimalsit, interior design, beautiful, light color, wall paper"
Product ID,Product Name,Category,Product Image Link,Product Tags
2,abstract minimalsit print1,wallpaper,https://encrypted-tbn0.gstatic.com/images?q=tbn:ANd9GcQMLLgzDEcASeQpyRVwyGVVc0b1HPXGjwsYgVOw6ms3D8w85JJnFvJt4offX2w&s,"abstract, minimalsit, interior design, beautiful, dark color, wall paper"
3,abstract minimalsit print2,wallpaper,https://encrypted-tbn0.gstatic.com/images?q=tbn:ANd9GcQUAMdAOKKCjC9tcAw1bnuTa7q16QSLlmjHmu7whHcsObH7zimoJjyW3IPjgA&s,"abstract, minimalsit, interior design, beautiful, dark color, wall paper"
4,abstract minimalsit print3,wallpaper,https://encrypted-tbn0.gstatic.com/images?q=tbn:ANd9GcR07-fnH3qxfyGvUb2LPpYhdxlE1jDkdomoQ0RN3bExV0G54ranB0dAK-T5xA&s,"abstract, minimalsit, interior design, beautiful, dark color, wall paper"
5,abstract minimalsit print4,wallpaper,https://encrypted-tbn0.gstatic.com/images?q=tbn:ANd9GcRkPRAzpcH3g-bFE9A1uS2jNbzBRz3ipHHWHAzUW9bec50z0qhIZcXXdJBL6FI&s,"abstract, minimalsit, interior design, beautiful, dark color, wall paper"
6,abstract minimalsit print5,wallpaper,https://encrypted-tbn0.gstatic.com/images?q=tbn:ANd9GcRgf685FWsVtHD-a_dTN_WGjAbSyY9PPzyJFuqoPDTc2IEXJ0DAfAjaB-GIwg&s,"abstract, minimalsit, interior design, beautiful, dark color, wall paper"
7,abstract minimalsit print6,wallpaper,https://encrypted-tbn0.gstatic.com/images?q=tbn:ANd9GcScPv7HEBupmgfjO6b7raJCsId63Wya2UlfvL6Qd7xUc6dSAxUy5ST7uLtFSg&s,"abstract, minimalsit, interior design, beautiful, dark color, wall paper"
8,abstract minimalsit print7,wallpaper,https://encrypted-tbn0.gstatic.com/images?q=tbn:ANd9GcSKvw7Mcd_sgMGZR3cfhzFDOn3lkeJO-W-ChwsDUtE97h-4HcVLnP8H2tESzg&s,"abstract, minimalsit, interior design, beautiful, dark color, wall paper"
9,abstract minimalsit print8,wallpaper,https://encrypted-tbn0.gstatic.com/images?q=tbn:ANd9GcS0o9UmxOt60pqCfwBI9jIqA6U_-325JpwnCjioH3Vc__u9DLhoiDC89_USDjw&s,"abstract, minimalsit, interior design, beautiful, dark color, wall paper"
10,abstract minimalsit print9,wallpaper,https://encrypted-tbn0.gstatic.com/images?q=tbn:ANd9GcR-DOnZeeXBTsA3C1QuVreInLU2TTYuaYhGu25OGpbg5zB1zNuhqWn94pLRXQ&s,"abstract, minimalsit, interior design, beautiful, dark color, wall paper"
11,abstract minimalsit print10,wallpaper,https://encrypted-tbn0.gstatic.com/images?q=tbn:ANd9GcSOv9tEMtaEDzUYjhlP-ASL6pPGIb2R_3Niz7lQEfEMsPnvqjIrDGBbZtEfrWI&s,"abstract, minimalsit, interior design, beautiful, dark color, wall paper"
12,abstract minimalsit print11,wallpaper,https://encrypted-tbn0.gstatic.com/images?q=tbn:ANd9GcSUWTXuyn-eoA4y-4_QbeAwJg2WbPuad6RUq2osu1ZpBo5o4RUL3kx0WNn9CuM&s,"abstract, minimalsit, interior design, beautiful, dark color, wall paper"
13,abstract minimalsit print12,wallpaper,https://encrypted-tbn0.gstatic.com/images?q=tbn:ANd9GcRygTxrph0vGeQs4TeLtqkD9KRkbsvK27rR42NflPvgtRSHUG3NMyFDY8p3_PY&s,"abstract, minimalsit, interior design, beautiful, dark color, wall paper"
14,abstract minimalsit print13,wallpaper,https://encrypted-tbn0.gstatic.com/images?q=tbn:ANd9GcQVxYmC5DOGZvjvcNmIIXyoJS-S6CTaW3E_0TjfVtPXHF-Gu34NP4mFBSS4pHI&s,"abstract, minimalsit, interior design, beautiful, dark color, wall paper"
15,abstract minimalsit print14,wallpaper,https://encrypted-tbn0.gstatic.com/images?q=tbn:ANd9GcQuJbf7qpNQXn-Y1fKs9UZlzuaciCjBGSCdmgHFFDw0vyOn60M0ZObPvFzBMIY&s,"abstract, minimalsit, interior design, beautiful, dark color, wall paper"
16,abstract minimalsit print15,wallpaper,https://encrypted-tbn0.gstatic.com/images?q=tbn:ANd9GcSmY2tAtlq28L_HkVbWlNh8T7k_Zt1lEeQ_8IwknfynmYpLvq4ZhHUXsbsShg&s,"abstract, minimalsit, interior design, beautiful, dark color, wall paper"
17,abstract minimalsit print16,wallpaper,https://encrypted-tbn0.gstatic.com/images?q=tbn:ANd9GcTn6vM_dA34rsE4AMdkMXS2eWdnjNowofLzFXGJGMCHO6ugKI0W_mloXZ8rUaU&s,"abstract, minimalsit, interior design, beautiful, dark color, wall paper"
18,abstract minimalsit print17,wallpaper,https://encrypted-tbn0.gstatic.com/images?q=tbn:ANd9GcT80OkLeDT9cNdKOeDWbGX4zpiEZ5OWtoN37jBUJDZnp_uuwoc5p_o4nDlhEQ&s,"abstract, minimalsit, interior design, beautiful, dark color, wall paper"
19,abstract minimalsit print18,wallpaper,https://encrypted-tbn0.gstatic.com/images?q=tbn:ANd9GcS7JCfgSgV2ELoN4Brfri_kmxQ_YomIVuZah2RiHNgS6ohED2aB4w9KyhPm7Ws&s,"abstract, minimalsit, interior design, beautiful, dark color, wall paper"
20,abstract minimalsit print19,wallpaper,https://encrypted-tbn0.gstatic.com/images?q=tbn:ANd9GcRF3ZH2I0QDYRoDuBNB_LhR2rQhWYxENxlKFn9LHEwmKMhqGtIcNsyEXwYs3A&s,"abstract, minimalsit, interior design, beautiful, dark color, wall paper"
Product ID,Product Name,Category,Product Image Link,Product Tags
2,polka dot print1,wallpaper,https://encrypted-tbn0.gstatic.com/images?q=tbn:ANd9GcRDdxd4wZQZA9YPzjpLX_u4K2vtQsRQfYcQzhI-hIRM5jdLYyB64bfcUwq-E58&s,"polka dot, interior design, beautiful, light color, wall paper"
3,polka dot print2,wallpaper,https://encrypted-tbn0.gstatic.com/images?q=tbn:ANd9GcSEVrl08p6nOZKqajSSSwhd1A7rEHbI1bCg7hN-pJMjYsI2-RMoZaGPHlK8oQ&s,"polka dot, interior design, beautiful, light color, wall paper"
4,polka dot print3,wallpaper,https://encrypted-tbn0.gstatic.com/images?q=tbn:ANd9GcSLkQn3KYpf9gLst6EiAvPSr3eKUn-ELWJDyWzNARaSo3nY4AKNvquNI4mYig&s,"polka dot, interior design, beautiful, light color, wall paper"
5,polka dot print4,wallpaper,https://encrypted-tbn0.gstatic.com/images?q=tbn:ANd9GcQra30kmYXkAcXb2z9rP2UIfR5WcLrpbjMbxubLWtYMJ0M5DclmHbBNDNmSKA&s,"polka dot, interior design, beautiful, light color, wall paper"
6,polka dot print5,wallpaper,https://encrypted-tbn0.gstatic.com/images?q=tbn:ANd9GcSdopFkT7YZoRnt374FzOuUyENBWg40zn1VW7NSnjA86ETT46_NZ4dVBkSJGj8&s,"polka dot, interior design, beautiful, light color, wall paper"
7,polka dot print6,wallpaper,https://encrypted-tbn0.gstatic.com/images?q=tbn:ANd9GcTQx2qOCXkkmNfMWdlxJvTLKR_su-GR0b0m526wejjMNcfRTV9Cuq3WQMCZSP0&s,"polka dot, interior design, beautiful, light color, wall paper"
8,polka dot print7,wallpaper,https://encrypted-tbn0.gstatic.com/images?q=tbn:ANd9GcSFJxMMuDiJjkqusjaJ0E4-0G_xd5cbxiFRquvzHvl_VtV-vYigyHHcUE7Tlw&s,"polka dot, interior design, beautiful, light color, wall paper"
9,polka dot print8,wallpaper,https://encrypted-tbn0.gstatic.com/images?q=tbn:ANd9GcReCkHCIZfK6BF80yCcwATsjuOw-uOsmuzW1erHhNgpf8BqnT1EwgVXl2xj-5c&s,"polka dot, interior design, beautiful, light color, wall paper"
10,polka dot print9,wallpaper,https://encrypted-tbn0.gstatic.com/images?q=tbn:ANd9GcRdAibG1BmHSTcidYJ8nkER5u936VgVT9ZKeQS7OTmOT7R13pzctY7eleZsH3o&s,"polka dot, interior design, beautiful, light color, wall paper"
11,polka dot print10,wallpaper,https://encrypted-tbn0.gstatic.com/images?q=tbn:ANd9GcQRTmxgqoXPvu-sJCRYamSET0nmiJdf3VwSD_D_PbbdCqLYgtz5N_Xh3RyQTw&s,"polka dot, interior design, beautiful, light color, wall paper"
12,polka dot print11,wallpaper,https://encrypted-tbn0.gstatic.com/images?q=tbn:ANd9GcT2N_BU41DpD2rBC9s4t5lq0KX9900sdAMzJsPcz1nDZR9eRDWJh2JhumJJ7Q&s,"polka dot, interior design, beautiful, light color, wall paper"
13,polka dot print12,wallpaper,https://encrypted-tbn0.gstatic.com/images?q=tbn:ANd9GcRkClx_fT6o1babsGXRm2lhDcbYPUcviJ8aZb_6pKa1OVj8fdaSfjD_GLudOds&s,"polka dot, interior design, beautiful, light color, wall paper"
14,polka dot print13,wallpaper,https://encrypted-tbn0.gstatic.com/images?q=tbn:ANd9GcT-qOZikYdNdJarov8BZbMl9zsyBvH6UoYrm_FM3jeDtLbJca-uvP3Bmrznqg&s,"polka dot, interior design, beautiful, light color, wall paper"
15,polka dot print14,wallpaper,https://encrypted-tbn0.gstatic.com/images?q=tbn:ANd9GcSdi4PqXwcpEm4lpgeN8xwxqZeFoAjPVzSxLkPbpz8cbvtTz2JBNzUycL96FRE&s,"polka dot, interior design, beautiful, light color, wall paper"
16,polka dot print15,wallpaper,https://encrypted-tbn0.gstatic.com/images?q=tbn:ANd9GcTwlAkbKdLxR6YVIFuiO0bzPI9Ff7oEo4nZfipQZZH1wcKoYiXnw66pCPRp2w&s,"polka dot, interior design, beautiful, light color, wall paper"
17,polka dot print16,wallpaper,https://encrypted-tbn0.gstatic.com/images?q=tbn:ANd9GcQPMjyeqJhtkh6Q4rBEXDD9enBz-GFjgTkBqnWOzRKCkzlGiLJeBRnsFTHMAw&s,"polka dot, interior design, beautiful, light color, wall paper"
18,polka dot print17,wallpaper,https://encrypted-tbn0.gstatic.com/images?q=tbn:ANd9GcQNmB1uKorKzJQPtFPx7nu4vOdwFkhn-LfzHISMZBkdHAKJK4q7yOcv1_NeAEo&s,"polka dot, interior design, beautiful, light color, wall paper"
19,polka dot print18,wallpaper,https://encrypted-tbn0.gstatic.com/images?q=tbn:ANd9GcT70W_YLGHH2whJLpM4PlH4c5cLOkWJQ4_01DwqduBdAzd5ZLq8obIx8_R_zA&s,"polka dot, interior design, beautiful, light color, wall paper"
20,polka dot print19,wallpaper,https://encrypted-tbn0.gstatic.com/images?q=tbn:ANd9GcRzCFYUs0_QokAKIiwgunH49gC3Oj7pdK1h1eBqF8eGXP0u7V7eRXQBmcLzanc&s,"polka dot, interior design, beautiful, light color, wall paper"
Product ID,Product Name,Category,Product Image Link,Product Tags
2,striped print1,wallpaper,https://encrypted-tbn0.gstatic.com/images?q=tbn:ANd9GcStdl42m-TzI45lbn2GFkMIpMNkhgivG0V2Jd8jLJWo7i_hi00AB8cWmnwhzA&s,"striped, border, interior design, beautiful, light color, dark, wall paper"
3,striped print2,wallpaper,https://encrypted-tbn0.gstatic.com/images?q=tbn:ANd9GcRfYmI52EdbaqcOOsrGOLJLHMjXQQiRx02yLNxgO5GlDxOuxFHpcdzoSpii7A&s,"striped, border, interior design, beautiful, light color, dark, wall paper"
4,striped print3,wallpaper,https://encrypted-tbn0.gstatic.com/images?q=tbn:ANd9GcQGWYSVEj7iLOqbP_BU6NvbtN2huhlyCTBYbq2qLoGWcJm-AIgcefB1Z1evHio&s,"striped, border, interior design, beautiful, light color, dark, wall paper"
5,striped print4,wallpaper,https://encrypted-tbn0.gstatic.com/images?q=tbn:ANd9GcS4HZEKj8FM7I6X-uRd_Zv8gUBrzaeoKxyL_az_At9f2cDmhbWifQvTmKhMUAI&s,"striped, border, interior design, beautiful, light color, dark, wall paper"
6,striped print5,wallpaper,https://encrypted-tbn0.gstatic.com/images?q=tbn:ANd9GcR4AZLPJHT7yhTAw25DWGVoYrZJ5QoQwZiF11WfFswJlO387CuzrGBhMOjsw-c&s,"striped, border, interior design, beautiful, light color, dark, wall paper"
7,striped print6,wallpaper,https://encrypted-tbn0.gstatic.com/images?q=tbn:ANd9GcR6zrMPxsA0u3nQ_vexBeFoY15sXUpMPaeSa2C4uXBwpfMnR6dWc8a3ChupyA&s,"striped, border, interior design, beautiful, light color, dark, wall paper"
8,striped print7,wallpaper,https://encrypted-tbn0.gstatic.com/images?q=tbn:ANd9GcSZzTfHnlNrO0kKxV3Xj9vLq7bPsT0VGPOv8194pgbPSh5EvHyi3OKhr27mFsk&s,"striped, border, interior design, beautiful, light color, dark, wall paper"
9,striped print8,wallpaper,https://encrypted-tbn0.gstatic.com/images?q=tbn:ANd9GcTyJnjJD6nZHfuN5i6Eb9pJo3s323m2ulE8HzdozVhmbd_XV1LWdn4T9tTSpmg&s,"striped, border, interior design, beautiful, light color, dark, wall paper"
10,striped print9,wallpaper,https://encrypted-tbn0.gstatic.com/images?q=tbn:ANd9GcQPX7QcK3NknTvfWaZ_yIuS_VwEHlUPjNhxKpTWW8LPUaXrcQDC1jIf7FSsXw&s,"striped, border, interior design, beautiful, light color, dark, wall paper"
11,striped print10,wallpaper,https://encrypted-tbn0.gstatic.com/images?q=tbn:ANd9GcSYt8B527y-K7b861ITOJEskwxqM9KGM1zpZ8RpfwVTHomuLWtu3WfxlfuX3A&s,"striped, border, interior design, beautiful, light color, dark, wall paper"
12,striped print11,wallpaper,https://encrypted-tbn0.gstatic.com/images?q=tbn:ANd9GcTHqd7fsYAvu8Yxv4ULf_qbSBFDWobmNDYYZXIplxO5XWIFJGlI2fTMGAXZhUk&s,"striped, border, interior design, beautiful, light color, dark, wall paper"
13,striped print12,wallpaper,https://encrypted-tbn0.gstatic.com/images?q=tbn:ANd9GcQ-kvme07IvXa33W2X4N1kTW2Bw7OaRSnJ-cE976Mp-U4dgqI6G1U99mNDIc44&s,"striped, border, interior design, beautiful, light color, dark, wall paper"
14,striped print13,wallpaper,https://encrypted-tbn0.gstatic.com/images?q=tbn:ANd9GcSfy5l7zy5NPeY8E0nsO965nj_kTaqMISQwJ8JzecQjacsaRMyrdN2hRIatqZM&s,"striped, border, interior design, beautiful, light color, dark, wall paper"
15,striped print14,wallpaper,https://encrypted-tbn0.gstatic.com/images?q=tbn:ANd9GcQiDrczR-RHHKGo0x1Cvo-EtWlKvQJedHHd5cvOOsBUg8A5cCbB-iSJE4tG_Q&s,"striped, border, interior design, beautiful, light color, dark, wall paper"
16,striped print15,wallpaper,https://encrypted-tbn0.gstatic.com/images?q=tbn:ANd9GcTuVU8dyOidlvZ4cOj628EpMR8l2I9KpH2uu2B3spPRNOn6NjoD5EJl0EN8aZo&s,"striped, border, interior design, beautiful, light color, dark, wall paper"
17,striped print16,wallpaper,https://encrypted-tbn0.gstatic.com/images?q=tbn:ANd9GcTvaK9oD6khimkEpaNEXW3-fjPGGXvnHQbbe5N4kvCnwCKiKdUGHXhsysc5Tg&s,"striped, border, interior design, beautiful, light color, dark, wall paper"
18,striped print17,wallpaper,https://encrypted-tbn0.gstatic.com/images?q=tbn:ANd9GcTzKKAsEW0-tA5csF1EavNsvKKv4DMl4wQ9Ts4YT7l7oWVLUVg_VrdTR9AIjg&s,"striped, border, interior design, beautiful, light color, dark, wall paper"
19,striped print18,wallpaper,https://encrypted-tbn0.gstatic.com/images?q=tbn:ANd9GcTuJbl4LRaDUOAzMK6S-Mj6vG_lyP6dA4IB9KZ_6JzI1TNgOcibxgWHuZ6M1YA&s,"striped, border, interior design, beautiful, light color, dark, wall paper"
20,striped print19,wallpaper,https://encrypted-tbn0.gstatic.com/images?q=tbn:ANd9GcQ67kQRiHx6AAjwDQipzvGmL2rTAcbH52BVYVgm6L_IGRBaIMOIBWvFnhoo7Hs&s,"striped, border, interior design, beautiful, light color, dark, wall paper"
Product ID,Product Name,Category,Product Image Link,Product Tags
2,nautical themes print1,wallpaper,https://encrypted-tbn0.gstatic.com/images?q=tbn:ANd9GcRBcD0B7mg6X2I9oH9jql1FRKqtMxq-aKcHN1WfvdUlQ-YMtOdpCYREhutu7A&s,"nautical, themes, interior design, beautiful, light color, dark, wall paper"
3,nautical themes print2,wallpaper,https://encrypted-tbn0.gstatic.com/images?q=tbn:ANd9GcSY04Rcfv8psaSkmzaWDbA2YoEQ96CAfiZcvHgxBEre9c0Ymw28Mvqc1vlNRaY&s,"nautical, themes, interior design, beautiful, light color, dark, wall paper"
4,nautical themes print3,wallpaper,https://encrypted-tbn0.gstatic.com/images?q=tbn:ANd9GcQc7L2vzS7Uw6LlDx3br-B4dd99hdlXHUVrj42x83vCuof4U4U5uIORSXKCBA&s,"nautical, themes, interior design, beautiful, light color, dark, wall paper"
5,nautical themes print4,wallpaper,https://encrypted-tbn0.gstatic.com/images?q=tbn:ANd9GcTOHNPjgaIQp8mZr7UBZ3j0UYz1WqmaVNc2Rr6rM5ouh3tPTZITnpiIu5EEmg&s,"nautical, themes, interior design, beautiful, light color, dark, wall paper"
6,nautical themes print5,wallpaper,https://encrypted-tbn0.gstatic.com/images?q=tbn:ANd9GcThVQdPdEUTJ571X9JyxcZISIQ2x42st5wK0AkFPSiYrln29jlw8_oXJoTbmN0&s,"nautical, themes, interior design, beautiful, light color, dark, wall paper"
7,nautical themes print6,wallpaper,https://encrypted-tbn0.gstatic.com/images?q=tbn:ANd9GcQXwZTmEz1aTsTvgBVDwMt1YtSUUJteV0aIiMLY_k0Ejp4I6UPDdauLO91gqA&s,"nautical, themes, interior design, beautiful, light color, dark, wall paper"
8,nautical themes print7,wallpaper,https://encrypted-tbn0.gstatic.com/images?q=tbn:ANd9GcTFEE-OOyMoyPxI8TUSV2mpXsoCT_r6S_YuaxDvaY60Fd_ycu1oM4sw9z4rdp0&s,"nautical, themes, interior design, beautiful, light color, dark, wall paper"
9,nautical themes print8,wallpaper,https://encrypted-tbn0.gstatic.com/images?q=tbn:ANd9GcQJxjq0lMFaJFD2FegPP7RKN832LOUBfU184oan8RGslm7pED3gsXloZy71pPw&s,"nautical, themes, interior design, beautiful, light color, dark, wall paper"
10,nautical themes print9,wallpaper,https://encrypted-tbn0.gstatic.com/images?q=tbn:ANd9GcQiFGtcIx2VDYhkMFeOMdxRCLoZftTIe3bxY9z29Wq6QqnEFE75jRcyJkP9CQ&s,"nautical, themes, interior design, beautiful, light color, dark, wall paper"
11,nautical themes print10,wallpaper,https://encrypted-tbn0.gstatic.com/images?q=tbn:ANd9GcQ1xjSQ3TBohYE4_CH-Jf0Ru_SGYurNfLAuhzCUp3yO5mOXlatvQwC2y3aG_A&s,"nautical, themes, interior design, beautiful, light color, dark, wall paper"
12,nautical themes print11,wallpaper,https://encrypted-tbn0.gstatic.com/images?q=tbn:ANd9GcTAhfaFVhxfq_aXiIbYBnidC8Kvjh7VzwNQUr-aYFiD54GCOfjOM660nF6me-w&s,"nautical, themes, interior design, beautiful, light color, dark, wall paper"
13,nautical themes print12,wallpaper,https://encrypted-tbn0.gstatic.com/images?q=tbn:ANd9GcRWqJwq0aZ8o3tapfxGU-yKMGgwJ5-rxWFIddcX5K0Ipyx6han9s-t6kRUbBw&s,"nautical, themes, interior design, beautiful, light color, dark, wall paper"
14,nautical themes print13,wallpaper,https://encrypted-tbn0.gstatic.com/images?q=tbn:ANd9GcRWLhKTg984Ig89Bl-NijXWcB3ukCvkXITnFYBOOxGwm0x-cNWIIuoWhpxTy7Y&s,"nautical, themes, interior design, beautiful, light color, dark, wall paper"
15,nautical themes print14,wallpaper,https://encrypted-tbn0.gstatic.com/images?q=tbn:ANd9GcS_qE4qx4iVoF_P8rcj5cvfPPVKrkhiFKWDi2gYlp5Xv3DsdXQv-sQXK0t-AQ&s,"nautical, themes, interior design, beautiful, light color, dark, wall paper"
16,nautical themes print15,wallpaper,https://encrypted-tbn0.gstatic.com/images?q=tbn:ANd9GcSzSYW9wkOBBz2yOVNuqTUXwOz5LujdYpIHYfkvYjYDhF-oHecBVZqbjFpvIQ&s,"nautical, themes, interior design, beautiful, light color, dark, wall paper"
17,nautical themes print16,wallpaper,https://encrypted-tbn0.gstatic.com/images?q=tbn:ANd9GcQSlL9_VSAftstmE338UZgsO7ahQwJz5g8cyJo0B5z3xW_LNOb0NyLVGuTResc&s,"nautical, themes, interior design, beautiful, light color, dark, wall paper"
18,nautical themes print17,wallpaper,https://encrypted-tbn0.gstatic.com/images?q=tbn:ANd9GcSaPD1qM7kHBCmgtAPcHzsZu9E5SrvUtGtXdmPenUplTc3TsIJlDjoWiH-dGg&s,"nautical, themes, interior design, beautiful, light color, dark, wall paper"
19,nautical themes print18,wallpaper,https://encrypted-tbn0.gstatic.com/images?q=tbn:ANd9GcSpnUl-C9BAswDXeqZqzBgabGgIX0s3oMY5XpP-8MdeGSz4phOH1eLNHwkiCA&s,"nautical, themes, interior design, beautiful, light color, dark, wall paper"
20,nautical themes print19,wallpaper,https://encrypted-tbn0.gstatic.com/images?q=tbn:ANd9GcQKgc-CMfcH-dFavqoEorE4WLvCzYLSS2K6toC9WK8C71dNaiAJ-y_Wf8hKd0Y&s,"nautical, themes, interior design, beautiful, light color, dark, wall paper"
Product ID,Product Name,Category,Product Image Link,Product Tags
2,tropical leaf print1,wallpaper,https://encrypted-tbn0.gstatic.com/images?q=tbn:ANd9GcSaVRI9IVPTACNlgpq6dMPbcY6N0eCx09gxRUQ9GQ_pN1TG5fBa2dZw91Ny9A&s,"tropical leaf, print, interior design, beautiful, light green, dark green, wall paper"
3,tropical leaf print2,wallpaper,https://encrypted-tbn0.gstatic.com/images?q=tbn:ANd9GcRJUbbzLmCtUWXrjIScb2E_uJAfzCJk-ZhYIxAMa0LZHENvHh_a0WxrFlbFdns&s,"tropical leaf, print, interior design, beautiful, light green, dark green, wall paper"
4,tropical leaf print3,wallpaper,https://encrypted-tbn0.gstatic.com/images?q=tbn:ANd9GcQPqvEy-bXGiVCfK1F2eFliWVcaG1g1Sgbj9aJdhwVeH-erRDga9tuC5sypSiE&s,"tropical leaf, print, interior design, beautiful, light green, dark green, wall paper"
5,tropical leaf print4,wallpaper,https://encrypted-tbn0.gstatic.com/images?q=tbn:ANd9GcRyiJj8N6eo_fKCF1QogzY4lNE01QX9oBWRSt5vYwqbM5FXtGQ9ChaiO_GC_Q&s,"tropical leaf, print, interior design, beautiful, light green, dark green, wall paper"
6,tropical leaf print5,wallpaper,https://encrypted-tbn0.gstatic.com/images?q=tbn:ANd9GcTAW6hVWAQdyMMiaz0lI2VSkzfpJ5wuF-K5H6QjwEYc4cpkhbZBcVdZgLF68hs&s,"tropical leaf, print, interior design, beautiful, light green, dark green, wall paper"
7,tropical leaf print6,wallpaper,https://encrypted-tbn0.gstatic.com/images?q=tbn:ANd9GcSGGnkxOuqmu2klAKKUgvKt1xq0AFOXC67DMGpjHJ5JWR5hgjmcemeLKHwQ4A&s,"tropical leaf, print, interior design, beautiful, light green, dark green, wall paper"
8,tropical leaf print7,wallpaper,https://encrypted-tbn0.gstatic.com/images?q=tbn:ANd9GcT7X8nE9fAItXsEt2aNKKkb-Eb1grm_O10WUuK_Rfvslu6u8WdvnwdIrqFGVGo&s,"tropical leaf, print, interior design, beautiful, light green, dark green, wall paper"
9,tropical leaf print8,wallpaper,https://encrypted-tbn0.gstatic.com/images?q=tbn:ANd9GcSNVDcjLpzkLAfyN-jbXNiFCVVwSdJvwQqfvT0eOBynJfL0fnwYMmakJL8LQA&s,"tropical leaf, print, interior design, beautiful, light green, dark green, wall paper"
10,tropical leaf print9,wallpaper,https://encrypted-tbn0.gstatic.com/images?q=tbn:ANd9GcTAzOIfg5p0x9Jv_SwuvF2YSEJdQ-VfZ4rylNyD6_lkMeTHmMyUvwdQR2zdhVE&s,"tropical leaf, print, interior design, beautiful, light green, dark green, wall paper"
11,tropical leaf print10,wallpaper,https://encrypted-tbn0.gstatic.com/images?q=tbn:ANd9GcSGLGqYGxSGBZQXvXCQ2CqKzwJ18XARWAMs9I9Gn03EruHBA63zaWVV0ngkOA&s,"tropical leaf, print, interior design, beautiful, light green, dark green, wall paper"
12,tropical leaf print11,wallpaper,https://encrypted-tbn0.gstatic.com/images?q=tbn:ANd9GcTiR1bYxxZy-NQF_C7zgCY48AATpfpKJxRzsj8Mu1pVFTG7V2Mabu0zLggOpRQ&s,"tropical leaf, print, interior design, beautiful, light green, dark green, wall paper"
13,tropical leaf print12,wallpaper,https://encrypted-tbn0.gstatic.com/images?q=tbn:ANd9GcSrWu6TEWi-tGoUJobQIcaVhDYCHm-HQYffCayEIr204hecAH24wIVoNyxN1GQ&s,"tropical leaf, print, interior design, beautiful, light green, dark green, wall paper"
14,tropical leaf print13,wallpaper,https://encrypted-tbn0.gstatic.com/images?q=tbn:ANd9GcRd2Q-AIT8B_jpVVUz9JVZog4CXZ2CI5Kcg8vAROJqUHe8pHRjNyrhta_6U9w&s,"tropical leaf, print, interior design, beautiful, light green, dark green, wall paper"
15,tropical leaf print14,wallpaper,https://encrypted-tbn0.gstatic.com/images?q=tbn:ANd9GcQY5mP-a1fnzaPQzF0iEC5zVOaMX3MAuIOri1Mjg5GqPWcOET5ewDSP5_1soQ&s,"tropical leaf, print, interior design, beautiful, light green, dark green, wall paper"
16,tropical leaf print15,wallpaper,https://encrypted-tbn0.gstatic.com/images?q=tbn:ANd9GcS0rYFd83tzERpPCnW1SmC_Xzli7JbNatkaoRLhcS3M75kgCatJkcaHdoieu_U&s,"tropical leaf, print, interior design, beautiful, light green, dark green, wall paper"
17,tropical leaf print16,wallpaper,https://encrypted-tbn0.gstatic.com/images?q=tbn:ANd9GcRKOhD_BexRUFzmJXWG_0q9FeTZAIvJndn4pkdE5cMeYCjPGenkFTHMbL5g4gE&s,"tropical leaf, print, interior design, beautiful, light green, dark green, wall paper"
18,tropical leaf print17,wallpaper,https://encrypted-tbn0.gstatic.com/images?q=tbn:ANd9GcRi67FxVom1MqwQ-2LkrTqlb6ZimezkN0zNVDGr1mQ0ZJMcc8jQ_5E0iMRk7A&s,"tropical leaf, print, interior design, beautiful, light green, dark green, wall paper"
19,tropical leaf print18,wallpaper,https://encrypted-tbn0.gstatic.com/images?q=tbn:ANd9GcSZjzdkjj-dg4kHGAPfNe_RjPLmxXbx9b-KC7Cz2lRfPgaXiOpGrwbFqAeRVwY&s,"tropical leaf, print, interior design, beautiful, light green, dark green, wall paper"
20,tropical leaf print19,wallpaper,https://encrypted-tbn0.gstatic.com/images?q=tbn:ANd9GcSld3P6T7WDMcWdckZ0HhtLJL_1PFHjcu_Nt64RXTLQfW9A8-GbqkrxpMjXfnk&s,"tropical leaf, print, interior design, beautiful, light green, dark green, wall paper"
Product ID,Product Name,Category,Product Image Link,Product Tags
2,laminate furniture1,furniture,https://encrypted-tbn0.gstatic.com/images?q=tbn:ANd9GcR7X6TvYuD0IDaePTFB_uiNL61v9rktbuZAhsK0YggqJ7l2Gvk6ZcPsFAOIaws&s,"laminate, combination, interior design, beautiful, color, furniture, wardrobe"
3,laminate furniture2,furniture,https://encrypted-tbn0.gstatic.com/images?q=tbn:ANd9GcQVQ0CyVAclTZxYVBscRIDschlv-wj0Z8Qcfd7lbvaD4rZhnJatmxivsYJdkrM&s,"laminate, combination, interior design, beautiful, color, furniture, wardrobe"
4,laminate furniture3,furniture,https://encrypted-tbn0.gstatic.com/images?q=tbn:ANd9GcTaKhCGwP58Em5toIQoPzzfFG3x-A7REQckf6McSHNgX0rkl9R_mUYKhcosHA&s,"laminate, combination, interior design, beautiful, color, furniture, wardrobe"
5,laminate furniture4,furniture,https://encrypted-tbn0.gstatic.com/images?q=tbn:ANd9GcRx9sKDXftj2fSmR9I1l1vB97jy3gd_Qyrk8Ib5N6szL5KB3tYMZccvh0z6FIs&s,"laminate, combination, interior design, beautiful, color, furniture, wardrobe"
6,laminate furniture5,furniture,https://encrypted-tbn0.gstatic.com/images?q=tbn:ANd9GcT-tY6MwcqziQBdF7l3TsIbpI-arS7A3BJbnHimRJ9q3s_p1AXTkTmRNBmFEA&s,"laminate, combination, interior design, beautiful, color, furniture, wardrobe"
7,laminate furniture6,furniture,https://encrypted-tbn0.gstatic.com/images?q=tbn:ANd9GcSqiIvPPHoDLNq5agXSrRUR5C2W4lVWlOQrE-Zcseh09DNUXBQJJN1dTery6Uo&s,"laminate, combination, interior design, beautiful, color, furniture, wardrobe"
8,laminate furniture7,furniture,https://encrypted-tbn0.gstatic.com/images?q=tbn:ANd9GcSCMj-bklYz-8f-5JgQ1ZykzK-qBnq9XOpwhN6ldozp8dhLOo7VZ_RBemkzWB8&s,"laminate, combination, interior design, beautiful, color, furniture, wardrobe"
9,laminate furniture8,furniture,https://encrypted-tbn0.gstatic.com/images?q=tbn:ANd9GcQar8CgNclePjQVHji2SKg24YZZP6FYNaI9L18kkLtNVZ93sNcOrygc-_bibH8&s,"laminate, combination, interior design, beautiful, color, furniture, wardrobe"
10,laminate furniture9,furniture,https://encrypted-tbn0.gstatic.com/images?q=tbn:ANd9GcT6t8wTw79X6aGoYzm5KZ9bvBQvdIbl8_5n7p60Mnrb32PE8IbaTC0SOBI9Wrc&s,"laminate, combination, interior design, beautiful, color, furniture, wardrobe"
11,laminate furniture10,furniture,https://encrypted-tbn0.gstatic.com/images?q=tbn:ANd9GcRs8dKaH3cwldk49thjuOeMbGTcmz9NrTEdlnOEUwuFLUslgoVudGV0HNt-_7o&s,"laminate, combination, interior design, beautiful, color, furniture, wardrobe"
12,laminate furniture11,furniture,https://encrypted-tbn0.gstatic.com/images?q=tbn:ANd9GcR5jAQtyRiX8rzQ8zrxorEYOqD1hilYYER_YNqQfPy2ryFt2mj_n98iVVCujgs&s,"laminate, combination, interior design, beautiful, color, furniture, wardrobe"
13,laminate furniture12,furniture,https://encrypted-tbn0.gstatic.com/images?q=tbn:ANd9GcRUC2Vg_6EdN2oN2aLx50JeyEtGjz6FHh8rx5T-ZyOKIZwsdsaXPRv444xTBw&s,"laminate, combination, interior design, beautiful, color, furniture, wardrobe"
14,laminate furniture13,furniture,https://encrypted-tbn0.gstatic.com/images?q=tbn:ANd9GcTLaX85zcYf2vl1TiVmmIL6Rx9jQapD_bsMVMDFGk26yVRTdTzKSbqg0PALIw&s,"laminate, combination, interior design, beautiful, color, furniture, wardrobe"
15,laminate furniture14,furniture,https://encrypted-tbn0.gstatic.com/images?q=tbn:ANd9GcSTMQxzqPws682LLd5fe2P5geq5g3QHdNQLG15_a8oq4K8hfTcE-sIkNQEU6gE&s,"laminate, combination, interior design, beautiful, color, furniture, wardrobe"
16,laminate furniture15,furniture,https://encrypted-tbn0.gstatic.com/images?q=tbn:ANd9GcTgOv6RcGBKTSgVMj6_d6D1fSMaH-rr9QEpdIunhoV_-h1x4SFeBLOx-w8fuQ&s,"laminate, combination, interior design, beautiful, color, furniture, wardrobe"
17,laminate furniture16,furniture,https://encrypted-tbn0.gstatic.com/images?q=tbn:ANd9GcTA1QXYebuD0MVB5QkaVAIOYgZSM55b29SQsGOpSiIe1Y1p9yLvEuZ6pAhL9Q&s,"laminate, combination, interior design, beautiful, color, furniture, wardrobe"
18,laminate furniture17,furniture,https://encrypted-tbn0.gstatic.com/images?q=tbn:ANd9GcR2DRFazsKnajrlhYo19FS64F4pPa-7EX7jycbC5hqK1NgpxhowGk8x_xbaP-E&s,"laminate, combination, interior design, beautiful, color, furniture, wardrobe"
19,laminate furniture18,furniture,https://encrypted-tbn0.gstatic.com/images?q=tbn:ANd9GcSPeYYYYDBg-iwpFCpyEhb3DatRZsd6Fidbio17WWm2qrZ_WOMnxinusyFYuXA&s,"laminate, combination, interior design, beautiful, color, furniture, wardrobe"
20,laminate furniture19,furniture,https://encrypted-tbn0.gstatic.com/images?q=tbn:ANd9GcQYdl_BFHJp1aCLApHIfR1I4pLtiAkuzKM2VOC3nd4agLz9_u8HTLsTKmhoMQ&s,"laminate, combination, interior design, beautiful, color, furniture, wardrobe"
21,laminate furniture20,furniture,https://encrypted-tbn0.gstatic.com/images?q=tbn:ANd9GcSNYddcLb4tHftNaDp--27HMFNByABH9BFtCrLjqrenFXtEC0K_-fxjHi4BC1w&s,"laminate, combination, interior design, beautiful, color, furniture, wardrobe"
Product ID,Product Name,Category,Product Image Link,Product Tags
2,carpet1,carpets,https://encrypted-tbn0.gstatic.com/images?q=tbn:ANd9GcSmXvU6vSe_o1UfGwan_rlFAgnfP3DLUBzIMoiL7Mk5Z3vMcgmFNEmv8zbpBQ&s,"carpet, combination, interior design, beautiful, color, living room"
3,carpet2,carpets,https://encrypted-tbn0.gstatic.com/images?q=tbn:ANd9GcSOgPA1qBDlm0ErpN48kbWDc7xSR1I0o2Y4c-Hu5SfWK6MxrsQPm-jiwNw2cQ&s,"carpet, combination, interior design, beautiful, color, living room"
4,carpet3,carpets,https://encrypted-tbn0.gstatic.com/images?q=tbn:ANd9GcSMGO2Cpmht3oCXGSdJK49nAUBKqVjW_PLQxAIftuvuPTJ7fQIceejv2rmEixE&s,"carpet, combination, interior design, beautiful, color, living room"
5,carpet4,carpets,https://encrypted-tbn0.gstatic.com/images?q=tbn:ANd9GcS2isoA_wDHF04aC_blArcxLw2A7eBR_EwN9bm08yjEkFojZVGKHxULu5_qpuc&s,"carpet, combination, interior design, beautiful, color, living room"
6,carpet5,carpets,https://encrypted-tbn0.gstatic.com/images?q=tbn:ANd9GcScCfPhdYNa1mpsiSpZWkWk6m_3Pt_nuc1D-hP53p8KcPbGgjepZ7H0GERcXYg&s,"carpet, combination, interior design, beautiful, color, living room"
7,carpet6,carpets,https://encrypted-tbn0.gstatic.com/images?q=tbn:ANd9GcQT_W3OegCwDz_3mzfHyuofdTIDMp4XecCIxHC16vsq3LqoKYsKRs8p62N9KzA&s,"carpet, combination, interior design, beautiful, color, living room"
8,carpet7,carpets,https://encrypted-tbn0.gstatic.com/images?q=tbn:ANd9GcQuD9LGim_2ELqVs-B--8zgthXi6NDHJqz3W7FfJhyeOnRVVInj-HpDGA_OzcM&s,"carpet, combination, interior design, beautiful, color, living room"
9,carpet8,carpets,https://encrypted-tbn0.gstatic.com/images?q=tbn:ANd9GcRXLDxlNq_pcaS8Mryf2OZf0onCpO5IuCd1hUKZ7wJOynMBj5k07IBB3f5ATpE&s,"carpet, combination, interior design, beautiful, color, living room"
10,carpet9,carpets,https://encrypted-tbn0.gstatic.com/images?q=tbn:ANd9GcS9zhnzErNUhMI8AjHC6D1dE002s4Kq4f4aeYSk47nE1QqYUMC-E8oOk-csEUo&s,"carpet, combination, interior design, beautiful, color, living room"
11,carpet10,carpets,https://encrypted-tbn0.gstatic.com/images?q=tbn:ANd9GcTN6moo0OoGlrls1diqVUNGiA5DFCjzR3Rpa4RY2bRgBrzQcmO1Mppjt4ahLQM&s,"carpet, combination, interior design, beautiful, color, living room"
12,carpet11,carpets,https://encrypted-tbn0.gstatic.com/images?q=tbn:ANd9GcSyAEBcGTiBNwFJKeS90EFZBdUPicPKAjrAYV2W0Ei2GpXkE832Zd0tMpDD6Ks&s,"carpet, combination, interior design, beautiful, color, living room"
13,carpet12,carpets,https://encrypted-tbn0.gstatic.com/images?q=tbn:ANd9GcTNCDSRRmbUg14KQsnJjY9CiJHDbej7rcdxKfMJ2hRU-BrvmaZcJPgcgw0Q74Q&s,"carpet, combination, interior design, beautiful, color, living room"
14,carpet13,carpets,https://encrypted-tbn0.gstatic.com/images?q=tbn:ANd9GcSUsdSpE_oTVT-I41sSWigmaJ56mZsriI3hOUr2LuuyzlGcHHeAzyMQRLmX9ic&s,"carpet, combination, interior design, beautiful, color, living room"
15,carpet14,carpets,https://encrypted-tbn0.gstatic.com/images?q=tbn:ANd9GcTFrbHxDJnjwbKHM45Gw3nHs2yMpnv9LiKpNmjA4sWai0s9lNW1czq-m_YJAA&s,"carpet, combination, interior design, beautiful, color, living room"
16,carpet15,carpets,https://encrypted-tbn0.gstatic.com/images?q=tbn:ANd9GcRc0pYLXoE7Kh3V70s7qvKRH3pgVLm3_aOztD5wpgttQi80qB58_dIoVQ3n2w&s,"carpet, combination, interior design, beautiful, color, living room"
17,carpet16,carpets,https://encrypted-tbn0.gstatic.com/images?q=tbn:ANd9GcRJR4NLYJRSPwZp3ZkNe0KtJ4-hTqqHMkodMq1YEXXnomABv6OM8c8kWuiKgoA&s,"carpet, combination, interior design, beautiful, color, living room"
18,carpet17,carpets,https://encrypted-tbn0.gstatic.com/images?q=tbn:ANd9GcRoypLzNBtkemCihedeVVLSjRZA-ztqHa2SMhpUqhzxYqPzIoyc9W2dZmrCiLM&s,"carpet, combination, interior design, beautiful, color, living room"
19,carpet18,carpets,https://encrypted-tbn0.gstatic.com/images?q=tbn:ANd9GcTf0auA4ttTLOUDOfnKVfHZTjrYrgD6R98pWDqlz3ec_JcAea01iXvyzebQUw&s,"carpet, combination, interior design, beautiful, color, living room"
20,carpet19,carpets,https://encrypted-tbn0.gstatic.com/images?q=tbn:ANd9GcSpEtRkm-6MYChUB_LBK--5uiq5sLntE8iluWi2iq-E71F8AkC2i1ZCE1eQxdA&s,"carpet, combination, interior design, beautiful, color, living room"
21,carpet20,carpets,https://encrypted-tbn0.gstatic.com/images?q=tbn:ANd9GcRX2md4FZPD_bnGNllYHgUuY_LuytNn3TZN3pLlIrV4oti414t53wmC74nyUA&s,"carpet, combination, interior design, beautiful, color, living room"
Product ID,Product Name,Category,Product Image Link,Product Tags
2,carpet1,carpets,https://encrypted-tbn0.gstatic.com/images?q=tbn:ANd9GcQrTQ37oTk_6Ou9mnJXMPHCv3snR0Hy23BqygS2Jalr6g28RkX0UuJcGaf-Vl4&s,"carpet, combination, interior design, beautiful, color, bed room"
3,carpet2,carpets,https://encrypted-tbn0.gstatic.com/images?q=tbn:ANd9GcTX3ygZMl19szevhg3VrSZSuAmuSFwPzBF2KzDJsbLi5Fweq6fQJWhtIIJJrtY&s,"carpet, combination, interior design, beautiful, color, bed room"
4,carpet3,carpets,https://encrypted-tbn0.gstatic.com/images?q=tbn:ANd9GcSOgPA1qBDlm0ErpN48kbWDc7xSR1I0o2Y4c-Hu5SfWK6MxrsQPm-jiwNw2cQ&s,"carpet, combination, interior design, beautiful, color, bed room"
5,carpet4,carpets,https://encrypted-tbn0.gstatic.com/images?q=tbn:ANd9GcSxg0ppI7pB986GVnRa12PbpwHR36KIsr3vi5WhcoqNTjS-QvMyn_mHXC__xw&s,"carpet, combination, interior design, beautiful, color, bed room"
6,carpet5,carpets,https://encrypted-tbn0.gstatic.com/images?q=tbn:ANd9GcRlLnFs5-hGWJShLSck6v74NPTR1DSv0SuUyAlAfFOa6xfw0Wfb7_ynF_Lcp2M&s,"carpet, combination, interior design, beautiful, color, bed room"
7,carpet6,carpets,https://encrypted-tbn0.gstatic.com/images?q=tbn:ANd9GcQ0z9zr1wCa28Rh-nCwWQdlxOULjplA3Ch7ZN4B1Lb5yrXk5noxe9lvQRLsu5w&s,"carpet, combination, interior design, beautiful, color, bed room"
8,carpet7,carpets,https://encrypted-tbn0.gstatic.com/images?q=tbn:ANd9GcTBiME9XY0TWaCGIsnsz6Ij0mRjwAPyJnJHGplX3sSpEWNjfgZjxELWjAaxsA&s,"carpet, combination, interior design, beautiful, color, bed room"
9,carpet8,carpets,https://encrypted-tbn0.gstatic.com/images?q=tbn:ANd9GcQhx0bVbqSzMy6uY42csNUw4cxnOy0GSFmkg9gKzEJ4_WMOjlm91TZix3KTGkY&s,"carpet, combination, interior design, beautiful, color, bed room"
10,carpet9,carpets,https://encrypted-tbn0.gstatic.com/images?q=tbn:ANd9GcSnQL6O09sfTmuMJc8BeS5N-BDJLRXQUjJkeS2whJbzVe8CAhw_uEbaJwenzw&s,"carpet, combination, interior design, beautiful, color, bed room"
11,carpet10,carpets,https://encrypted-tbn0.gstatic.com/images?q=tbn:ANd9GcQdmXwvNcVCOf0P-BF0COmpiSiwBj1S1ykeUaviS11ywvfBOCyPl5VeeldThw&s,"carpet, combination, interior design, beautiful, color, bed room"
12,carpet11,carpets,https://encrypted-tbn0.gstatic.com/images?q=tbn:ANd9GcTrdF4nfOSgiSaOH81X5-IDXn48TTTZjPwqoUAWChgiUVSLWLNcdXmGRfnpSgE&s,"carpet, combination, interior design, beautiful, color, bed room"
13,carpet12,carpets,https://encrypted-tbn0.gstatic.com/images?q=tbn:ANd9GcTgMWZUkQ8GVBnmt4fG6XUtqYSzIDSqMRVEQdcDleo0H1T34siz9YjPHqKQHQ&s,"carpet, combination, interior design, beautiful, color, bed room"
14,carpet13,carpets,https://encrypted-tbn0.gstatic.com/images?q=tbn:ANd9GcRHEj6oo36xe7GoDN66LvLZfdFfIuqP1-AEYrJCrdM8ezwsUq_heSm4erQLTI0&s,"carpet, combination, interior design, beautiful, color, bed room"
15,carpet14,carpets,https://encrypted-tbn0.gstatic.com/images?q=tbn:ANd9GcR2IIZv5F1I-8siG5wBoFLpHoELwdMBxNn9pWDLORRRR4wBAUsaPWo5RMse0jg&s,"carpet, combination, interior design, beautiful, color, bed room"
16,carpet15,carpets,https://encrypted-tbn0.gstatic.com/images?q=tbn:ANd9GcST1uMqRIxJuuVGzLxZ0b_uzLCGArv-9zGruvOsr1ZKSDKpFrme1OP13dszEyA&s,"carpet, combination, interior design, beautiful, color, bed room"
17,carpet16,carpets,https://encrypted-tbn0.gstatic.com/images?q=tbn:ANd9GcTiJUQ6-10q0tex4LHlAN8VIr4RitxzhPGDAqzERfCtxqCy0qOgHMkko6lbVA&s,"carpet, combination, interior design, beautiful, color, bed room"
18,carpet17,carpets,https://encrypted-tbn0.gstatic.com/images?q=tbn:ANd9GcQ9DdKNtn_vCsUnuF5rDRADUyP_wEGZinzJYqPD_BNk0gslfYQgz4s1CJHIiA&s,"carpet, combination, interior design, beautiful, color, bed room"
19,carpet18,carpets,https://encrypted-tbn0.gstatic.com/images?q=tbn:ANd9GcQRXClYPhrGaImqN9oJ0poiaSBJob4Esd4u72txmPz_Mw-4c01IFfGtUOQfZOs&s,"carpet, combination, interior design, beautiful, color, bed room"
20,carpet19,carpets,https://encrypted-tbn0.gstatic.com/images?q=tbn:ANd9GcRhUx8MDZiuX9rKPGmiUHQy0qybCn2DVaKxjXsdtBokyYCc8ZziGqok3Qz3tg&s,"carpet, combination, interior design, beautiful, color, bed room"
21,carpet20,carpets,https://encrypted-tbn0.gstatic.com/images?q=tbn:ANd9GcSm_wyO7QZ1z7K9fk3i5WVfHnb-aajhbO-WmsSdAGqct9drImDQdh6aRz43HA&s,"carpet, combination, interior design, beautiful, color, bed room"
